id,name,email,city,email_domain
1,Leanne Graham,Sincere@april.biz,GWENBOROUGH,april.biz
2,Ervin Howell,Shanna@melissa.tv,WISOKYBURGH,melissa.tv
3,Clementine Bauch,Nathan@yesenia.net,MCKENZIEHAVEN,yesenia.net
4,Patricia Lebsack,Julianne.OConner@kory.org,SOUTH ELVIS,kory.org
5,Chelsey Dietrich,Lucio_Hettinger@annie.ca,ROSCOEVIEW,annie.ca
6,Mrs. Dennis Schulist,Karley_Dach@jasper.info,SOUTH CHRISTY,jasper.info
7,Kurtis Weissnat,Telly.Hoeger@billy.biz,HOWEMOUTH,billy.biz
8,Nicholas Runolfsdottir V,Sherwood@rosamond.me,ALIYAVIEW,rosamond.me
9,Glenna Reichert,Chaim_McDermott@dana.io,BARTHOLOMEBURY,dana.io
10,Clementina DuBuque,Rey.Padberg@karina.biz,LEBSACKBURY,karina.biz
